{"cameraMode":{"drawMode":2,"name":"Shaded Wireframe","section":"Shading Mode"},"sceneLighting":true,"audioPlay":false,"sceneViewState":{"showFog":true,"showMaterialUpdate":false,"showSkybox":true,"showFlares":true,"showImageEffects":true,"showParticleSystems":true},"in2DMode":false,"pivot":{"x":46.26881790161133,"y":-10.594538688659668,"z":116.96662902832031},"rotation":{"x":-0.042763225734233859,"y":-0.1782853901386261,"z":0.0079158591106534,"w":-0.9831177592277527},"size":67.20245361328125,"orthographic":false}