{"cameraMode":{"drawMode":2,"name":"Shaded Wireframe","section":"Shading Mode"},"sceneLighting":true,"audioPlay":false,"sceneViewState":{"showFog":true,"showMaterialUpdate":false,"showSkybox":true,"showFlares":true,"showImageEffects":true,"showParticleSystems":true},"in2DMode":false,"pivot":{"x":-3.330627918243408,"y":-6.520214557647705,"z":68.92033386230469},"rotation":{"x":-0.05097115784883499,"y":0.01856684312224388,"z":-0.0009695112821646035,"w":-0.9986051917076111},"size":38.334373474121097,"orthographic":false}